Tanks,T Shirts,Shorts/Skirts,Pants,Dresses,Jackets,Shoes,Business Casual,Gym,Sleep,,,,,,,,,,,,,,
Skims Black,Turtle Shirt,Abercrombie Shorts,Target Jeans,Forever 21 Black Satin Midi,Popflex Blue Hoodie,Air Force 1's,Dynamite Trousers,Alphalete Black Leggings,Black Shorts,,,,,,,,,,,,,,
Skims Grey,Target Pink Shirt,CottonOn Shorts,Abercrombie Jeans,Thrifted Green Flower,Popflex Blue Zip up,Nano x1's,Bershka Trousers,Alphalete Brown Leggings,Grey Shorts,,,,,,,,,,,,,,
Skims Blue,,Alphalete Purple Shorts,Yoga Pants,Shein Black Babydoll,Popflex Pink Zip up,Doc Martens,Black Top with Flowers,Alphalete Blue Shorts,Star Boxers,,,,,,,,,,,,,,
Garage Brown,,,Crossover Leggings,Shein Green Flower,Arcteryx Zip up,Flip Flops,Blue Long Sleeve Top,Gymshark Black Shorts,Plaid Boxers,,,,,,,,,,,,,,
Shein Beige,,,Alphalete Black Sweatpants,Shein Green Bodycon Midi,Leather Jacket,Crocs,Maroon Button Up ,Gymshark Maroon Shorts,,,,,,,,,,,,,,,
Urban Green,,,Alphalete Blue Sweatpants,,,Flats,Blue Button Up,Balance Black Leggings,,,,,,,,,,,,,,,
,,,,,,Nude Heels,White Satin Button Up,Lulu Tank,,,,,,,,,,,,,,,
,,,,,,,White Cap Sleeve Button Up,,,,,,,,,,,,,,,,
,,,,,,,Green Short Sleeve Button Up,,,,,,,,,,,,,,,,
,,,,,,,Black Blazer,,,,,,,,,,,,,,,,